url,title,cluster,primaryKeyword,intent,funnelStage,status,internalLinkTarget,bookingLinkTarget,lastRefreshed,note
"https://josetteperrone.com/blog/what-high-acuity-teams-need-before-the-room-gets-loud","What High-Acuity Teams Need Before the Room Gets Loud","Emergency and Trauma Nursing","what high-acuity teams need before the room gets loud","clinical leadership / speaker support","authority support","noindex support archive","https://josetteperrone.com/topics/emergency-trauma-nursing","https://josetteperrone.com/#booking","2026-06-14","preparing roles, language, and attention before escalation"
"https://josetteperrone.com/blog/why-clear-requests-protect-clinical-teams","Why Clear Requests Protect Clinical Teams","Clinical Communication","why clear requests protect clinical teams","team safety / communication speaker support","authority support","noindex support archive","https://josetteperrone.com/topics/healthcare-communication-safety","https://josetteperrone.com/#booking","2026-06-14","making needs visible before confusion grows"
"https://josetteperrone.com/blog/why-recovery-cannot-be-left-to-the-drive-home","Why Recovery Cannot Be Left to the Drive Home","Burnout and Resilience","why recovery cannot be left to the drive home","professional development / speaker support","authority support","noindex support archive","https://josetteperrone.com/topics/nurse-burnout-resilience","https://josetteperrone.com/#booking","2026-06-14","making decompression part of the work system"
"https://josetteperrone.com/blog/the-judgment-shift-from-doing-to-deciding","The Judgment Shift From Doing to Deciding","Advanced Practice Nursing","the judgment shift from doing to deciding","clinical leadership / speaker support","authority support","noindex support archive","https://josetteperrone.com/speaker-summary","https://josetteperrone.com/#booking","2026-06-14","understanding the transition into advanced practice thinking"
"https://josetteperrone.com/blog/why-mentorship-needs-more-than-encouragement","Why Mentorship Needs More Than Encouragement","Mentorship and Career Growth","why mentorship needs more than encouragement","clinical leadership / speaker support","awareness","noindex support archive","https://josetteperrone.com/nursing-speaker","https://josetteperrone.com/#booking","2026-06-14","turning support into specific professional growth"
"https://josetteperrone.com/blog/why-advanced-practice-still-needs-nursing-roots","Why Advanced Practice Still Needs Nursing Roots","Advanced Practice Nursing","why advanced practice still needs nursing roots","clinical leadership / speaker support","authority support","noindex support archive","https://josetteperrone.com/speaker-summary","https://josetteperrone.com/#booking","2026-06-14","carrying bedside perspective into broader responsibility"
"https://josetteperrone.com/blog/the-hidden-safety-risks-nurses-normalize-too-quickly","The Hidden Safety Risks Nurses Normalize Too Quickly","Healthcare Worker Safety","the hidden safety risks nurses normalize too quickly","team safety / communication speaker support","authority support","indexable cornerstone","https://josetteperrone.com/topics/healthcare-communication-safety","https://josetteperrone.com/#booking","2026-06-14","recognizing routine hazards before they become accepted culture"
"https://josetteperrone.com/blog/why-psychological-safety-belongs-in-every-nursing-unit","Why Psychological Safety Belongs in Every Nursing Unit","Healthcare Worker Safety","why psychological safety belongs in every nursing unit","team safety / communication speaker support","authority support","noindex support archive","https://josetteperrone.com/topics/healthcare-communication-safety","https://josetteperrone.com/#booking","2026-06-14","building team environments where speaking up is expected"
"https://josetteperrone.com/blog/violence-prevention-starts-before-the-escalation","Violence Prevention Starts Before the Escalation","Healthcare Worker Safety","violence prevention starts before the escalation","team safety / communication speaker support","authority support","noindex support archive","https://josetteperrone.com/topics/healthcare-communication-safety","https://josetteperrone.com/#booking","2026-06-14","early cues, team positioning, and environmental awareness"
"https://josetteperrone.com/blog/the-role-of-leadership-in-safer-nursing-shifts","The Role of Leadership in Safer Nursing Shifts","Healthcare Worker Safety","the role of leadership in safer nursing shifts","team safety / communication speaker support","authority support","noindex support archive","https://josetteperrone.com/topics/healthcare-communication-safety","https://josetteperrone.com/#booking","2026-06-14","how leaders set expectations for reporting and follow-through"
"https://josetteperrone.com/blog/making-debriefing-a-safety-practice-not-a-punishment","Making Debriefing a Safety Practice, Not a Punishment","Healthcare Worker Safety","making debriefing a safety practice, not a punishment","team safety / communication speaker support","authority support","noindex support archive","https://josetteperrone.com/topics/healthcare-communication-safety","https://josetteperrone.com/#booking","2026-06-14","using debriefs to learn without blame"
"https://josetteperrone.com/blog/what-new-nurses-need-to-know-about-workplace-boundaries","What New Nurses Need to Know About Workplace Boundaries","Healthcare Worker Safety","what new nurses need to know about workplace boundaries","team safety / communication speaker support","authority support","noindex support archive","https://josetteperrone.com/topics/healthcare-communication-safety","https://josetteperrone.com/#booking","2026-06-14","protecting safety while learning unit culture"
"https://josetteperrone.com/blog/protecting-nurses-during-high-acuity-patient-care","Protecting Nurses During High-Acuity Patient Care","Healthcare Worker Safety","protecting nurses during high-acuity patient care","team safety / communication speaker support","authority support","noindex support archive","https://josetteperrone.com/topics/healthcare-communication-safety","https://josetteperrone.com/#booking","2026-06-14","anticipation, role clarity, and team support"
"https://josetteperrone.com/blog/why-reporting-near-misses-should-feel-routine","Why Reporting Near Misses Should Feel Routine","Healthcare Worker Safety","why reporting near misses should feel routine","team safety / communication speaker support","authority support","noindex support archive","https://josetteperrone.com/topics/healthcare-communication-safety","https://josetteperrone.com/#booking","2026-06-14","turning small signals into safer systems"
"https://josetteperrone.com/blog/the-safety-value-of-a-calm-charge-nurse","The Safety Value of a Calm Charge Nurse","Healthcare Worker Safety","the safety value of a calm charge nurse","team safety / communication speaker support","authority support","noindex support archive","https://josetteperrone.com/topics/healthcare-communication-safety","https://josetteperrone.com/#booking","2026-06-14","how tone, pacing, and communication influence the unit"
"https://josetteperrone.com/blog/healthcare-worker-safety-is-a-retention-strategy","Healthcare Worker Safety Is a Retention Strategy","Healthcare Worker Safety","healthcare worker safety is a retention strategy","team safety / communication speaker support","authority support","noindex support archive","https://josetteperrone.com/topics/healthcare-communication-safety","https://josetteperrone.com/#booking","2026-06-14","connecting safety culture to staffing stability"
"https://josetteperrone.com/blog/when-nurses-feel-unsafe-patients-feel-the-impact","When Nurses Feel Unsafe, Patients Feel the Impact","Healthcare Worker Safety","when nurses feel unsafe, patients feel the impact","team safety / communication speaker support","authority support","noindex support archive","https://josetteperrone.com/topics/healthcare-communication-safety","https://josetteperrone.com/#booking","2026-06-14","understanding the link between staff safety and care quality"
"https://josetteperrone.com/blog/building-safer-hand-offs-in-busy-clinical-environments","Building Safer Hand-Offs in Busy Clinical Environments","Healthcare Worker Safety","building safer hand-offs in busy clinical environments","team safety / communication speaker support","authority support","noindex support archive","https://josetteperrone.com/topics/healthcare-communication-safety","https://josetteperrone.com/#booking","2026-06-14","reducing preventable gaps during transitions"
"https://josetteperrone.com/blog/how-to-make-safety-huddles-worth-the-time","How to Make Safety Huddles Worth the Time","Healthcare Worker Safety","how to make safety huddles worth the time","team safety / communication speaker support","authority support","noindex support archive","https://josetteperrone.com/topics/healthcare-communication-safety","https://josetteperrone.com/#booking","2026-06-14","brief, focused, actionable team check-ins"
"https://josetteperrone.com/blog/the-emotional-safety-side-of-clinical-practice","The Emotional Safety Side of Clinical Practice","Healthcare Worker Safety","the emotional safety side of clinical practice","team safety / communication speaker support","authority support","noindex support archive","https://josetteperrone.com/topics/healthcare-communication-safety","https://josetteperrone.com/#booking","2026-06-14","why dignity, respect, and trust matter operationally"
"https://josetteperrone.com/blog/safety-culture-is-built-in-the-small-moments","Safety Culture Is Built in the Small Moments","Healthcare Worker Safety","safety culture is built in the small moments","team safety / communication speaker support","authority support","noindex support archive","https://josetteperrone.com/topics/healthcare-communication-safety","https://josetteperrone.com/#booking","2026-06-14","micro-behaviors that shape whether nurses speak up"
"https://josetteperrone.com/blog/burnout-is-not-a-personal-failure","Burnout Is Not a Personal Failure","Burnout and Resilience","burnout is not a personal failure","professional development / speaker support","authority support","indexable cornerstone","https://josetteperrone.com/topics/nurse-burnout-resilience","https://josetteperrone.com/#booking","2026-06-14","moving from self-blame to systems-aware resilience"
"https://josetteperrone.com/blog/why-emergency-nurses-need-recovery-rituals","Why Emergency Nurses Need Recovery Rituals","Burnout and Resilience","why emergency nurses need recovery rituals","professional development / speaker support","authority support","noindex support archive","https://josetteperrone.com/topics/nurse-burnout-resilience","https://josetteperrone.com/#booking","2026-06-14","simple transitions after high-intensity care"
"https://josetteperrone.com/blog/moral-distress-and-the-nurse-who-keeps-showing-up","Moral Distress and the Nurse Who Keeps Showing Up","Burnout and Resilience","moral distress and the nurse who keeps showing up","professional development / speaker support","authority support","noindex support archive","https://josetteperrone.com/topics/nurse-burnout-resilience","https://josetteperrone.com/#booking","2026-06-14","naming the burden of knowing what patients need"
"https://josetteperrone.com/blog/the-difference-between-resilience-and-endurance","The Difference Between Resilience and Endurance","Burnout and Resilience","the difference between resilience and endurance","professional development / speaker support","authority support","noindex support archive","https://josetteperrone.com/topics/nurse-burnout-resilience","https://josetteperrone.com/#booking","2026-06-14","why coping is not the same as being unsupported"
"https://josetteperrone.com/blog/burnout-prevention-starts-with-better-listening","Burnout Prevention Starts with Better Listening","Burnout and Resilience","burnout prevention starts with better listening","professional development / speaker support","authority support","noindex support archive","https://josetteperrone.com/topics/nurse-burnout-resilience","https://josetteperrone.com/#booking","2026-06-14","what leaders can hear before staff disengage"
"https://josetteperrone.com/blog/using-micro-recovery-during-long-shifts","Using Micro-Recovery During Long Shifts","Burnout and Resilience","using micro-recovery during long shifts","professional development / speaker support","authority support","noindex support archive","https://josetteperrone.com/topics/nurse-burnout-resilience","https://josetteperrone.com/#booking","2026-06-14","small pauses that protect attention and regulation"
"https://josetteperrone.com/blog/why-nurses-need-permission-to-be-human","Why Nurses Need Permission to Be Human","Burnout and Resilience","why nurses need permission to be human","professional development / speaker support","authority support","noindex support archive","https://josetteperrone.com/topics/nurse-burnout-resilience","https://josetteperrone.com/#booking","2026-06-14","normalizing emotion after difficult clinical moments"
"https://josetteperrone.com/blog/compassion-fatigue-in-high-acuity-care","Compassion Fatigue in High-Acuity Care","Burnout and Resilience","compassion fatigue in high-acuity care","professional development / speaker support","authority support","noindex support archive","https://josetteperrone.com/topics/nurse-burnout-resilience","https://josetteperrone.com/#booking","2026-06-14","recognizing signs before empathy becomes depletion"
"https://josetteperrone.com/blog/resilience-metrics-should-lead-to-action","Resilience Metrics Should Lead to Action","Burnout and Resilience","resilience metrics should lead to action","professional development / speaker support","authority support","noindex support archive","https://josetteperrone.com/topics/nurse-burnout-resilience","https://josetteperrone.com/#booking","2026-06-14","using data to change support systems"
"https://josetteperrone.com/blog/how-mentorship-protects-against-burnout","How Mentorship Protects Against Burnout","Burnout and Resilience","how mentorship protects against burnout","professional development / speaker support","authority support","noindex support archive","https://josetteperrone.com/topics/nurse-burnout-resilience","https://josetteperrone.com/#booking","2026-06-14","connection as a clinical retention tool"
"https://josetteperrone.com/blog/the-burnout-risk-of-always-being-the-strong-one","The Burnout Risk of Always Being the Strong One","Burnout and Resilience","the burnout risk of always being the strong one","professional development / speaker support","authority support","noindex support archive","https://josetteperrone.com/topics/nurse-burnout-resilience","https://josetteperrone.com/#booking","2026-06-14","supporting experienced nurses who carry the unit"
"https://josetteperrone.com/blog/rebuilding-purpose-after-a-difficult-shift","Rebuilding Purpose After a Difficult Shift","Burnout and Resilience","rebuilding purpose after a difficult shift","professional development / speaker support","authority support","noindex support archive","https://josetteperrone.com/topics/nurse-burnout-resilience","https://josetteperrone.com/#booking","2026-06-14","reflective practice without rumination"
"https://josetteperrone.com/blog/why-break-culture-matters-in-nursing","Why Break Culture Matters in Nursing","Burnout and Resilience","why break culture matters in nursing","professional development / speaker support","authority support","noindex support archive","https://josetteperrone.com/topics/nurse-burnout-resilience","https://josetteperrone.com/#booking","2026-06-14","rest as a safety intervention"
"https://josetteperrone.com/blog/burnout-conversations-need-more-precision","Burnout Conversations Need More Precision","Burnout and Resilience","burnout conversations need more precision","professional development / speaker support","authority support","noindex support archive","https://josetteperrone.com/topics/nurse-burnout-resilience","https://josetteperrone.com/#booking","2026-06-14","separating workload, moral distress, fatigue, and grief"
"https://josetteperrone.com/blog/a-practical-resilience-framework-for-nurse-teams","A Practical Resilience Framework for Nurse Teams","Burnout and Resilience","a practical resilience framework for nurse teams","professional development / speaker support","authority support","noindex support archive","https://josetteperrone.com/topics/nurse-burnout-resilience","https://josetteperrone.com/#booking","2026-06-14","shared language for stress, support, and recovery"
"https://josetteperrone.com/blog/what-emergency-nursing-teaches-about-priorities","What Emergency Nursing Teaches About Priorities","Emergency and Trauma Nursing","what emergency nursing teaches about priorities","clinical leadership / speaker support","authority support","indexable cornerstone","https://josetteperrone.com/topics/emergency-trauma-nursing","https://josetteperrone.com/#booking","2026-06-14","rapid assessment, stabilization, and flexible thinking"
"https://josetteperrone.com/blog/the-first-five-minutes-of-a-high-acuity-situation","The First Five Minutes of a High-Acuity Situation","Emergency and Trauma Nursing","the first five minutes of a high-acuity situation","clinical leadership / speaker support","authority support","noindex support archive","https://josetteperrone.com/topics/emergency-trauma-nursing","https://josetteperrone.com/#booking","2026-06-14","role clarity and controlled urgency"
"https://josetteperrone.com/blog/why-trauma-teams-depend-on-communication-discipline","Why Trauma Teams Depend on Communication Discipline","Emergency and Trauma Nursing","why trauma teams depend on communication discipline","clinical leadership / speaker support","authority support","noindex support archive","https://josetteperrone.com/topics/emergency-trauma-nursing","https://josetteperrone.com/#booking","2026-06-14","closed-loop language and shared mental models"
"https://josetteperrone.com/blog/caring-for-the-patient-and-the-room-at-the-same-time","Caring for the Patient and the Room at the Same Time","Emergency and Trauma Nursing","caring for the patient and the room at the same time","clinical leadership / speaker support","authority support","noindex support archive","https://josetteperrone.com/topics/emergency-trauma-nursing","https://josetteperrone.com/#booking","2026-06-14","situational awareness in crowded care spaces"
"https://josetteperrone.com/blog/the-teaching-power-of-emergency-nursing-stories","The Teaching Power of Emergency Nursing Stories","Emergency and Trauma Nursing","the teaching power of emergency nursing stories","clinical leadership / speaker support","authority support","noindex support archive","https://josetteperrone.com/topics/emergency-trauma-nursing","https://josetteperrone.com/#booking","2026-06-14","turning clinical experiences into learning without drama"
"https://josetteperrone.com/blog/how-ed-nurses-build-clinical-pattern-recognition","How ED Nurses Build Clinical Pattern Recognition","Emergency and Trauma Nursing","how ed nurses build clinical pattern recognition","clinical leadership / speaker support","authority support","noindex support archive","https://josetteperrone.com/topics/emergency-trauma-nursing","https://josetteperrone.com/#booking","2026-06-14","experience, reflection, and guided precepting"
"https://josetteperrone.com/blog/the-quiet-skills-behind-fast-nursing-decisions","The Quiet Skills Behind Fast Nursing Decisions","Emergency and Trauma Nursing","the quiet skills behind fast nursing decisions","clinical leadership / speaker support","authority support","noindex support archive","https://josetteperrone.com/topics/emergency-trauma-nursing","https://josetteperrone.com/#booking","2026-06-14","assessment, anticipation, and team trust"
"https://josetteperrone.com/blog/managing-cognitive-load-in-emergency-care","Managing Cognitive Load in Emergency Care","Emergency and Trauma Nursing","managing cognitive load in emergency care","clinical leadership / speaker support","authority support","noindex support archive","https://josetteperrone.com/topics/emergency-trauma-nursing","https://josetteperrone.com/#booking","2026-06-14","reducing noise while preserving urgency"
"https://josetteperrone.com/blog/why-protocols-still-need-human-judgment","Why Protocols Still Need Human Judgment","Emergency and Trauma Nursing","why protocols still need human judgment","clinical leadership / speaker support","authority support","noindex support archive","https://josetteperrone.com/topics/emergency-trauma-nursing","https://josetteperrone.com/#booking","2026-06-14","using standards without losing clinical reasoning"
"https://josetteperrone.com/blog/supporting-novice-nurses-in-high-acuity-spaces","Supporting Novice Nurses in High-Acuity Spaces","Emergency and Trauma Nursing","supporting novice nurses in high-acuity spaces","clinical leadership / speaker support","authority support","noindex support archive","https://josetteperrone.com/topics/emergency-trauma-nursing","https://josetteperrone.com/#booking","2026-06-14","precepting without overwhelming the learner"
"https://josetteperrone.com/blog/the-ed-nurse-as-translator","The ED Nurse as Translator","Emergency and Trauma Nursing","the ed nurse as translator","clinical leadership / speaker support","authority support","noindex support archive","https://josetteperrone.com/topics/emergency-trauma-nursing","https://josetteperrone.com/#booking","2026-06-14","helping patients and families understand urgent care"
"https://josetteperrone.com/blog/after-the-code-what-teams-need-next","After the Code: What Teams Need Next","Emergency and Trauma Nursing","after the code: what teams need next","clinical leadership / speaker support","authority support","noindex support archive","https://josetteperrone.com/topics/emergency-trauma-nursing","https://josetteperrone.com/#booking","2026-06-14","debriefing, reset, and emotional recovery"
"https://josetteperrone.com/blog/trauma-nursing-and-the-discipline-of-preparedness","Trauma Nursing and the Discipline of Preparedness","Emergency and Trauma Nursing","trauma nursing and the discipline of preparedness","clinical leadership / speaker support","authority support","noindex support archive","https://josetteperrone.com/topics/emergency-trauma-nursing","https://josetteperrone.com/#booking","2026-06-14","what readiness looks like before the patient arrives"
"https://josetteperrone.com/blog/when-the-waiting-room-is-part-of-the-clinical-picture","When the Waiting Room Is Part of the Clinical Picture","Emergency and Trauma Nursing","when the waiting room is part of the clinical picture","clinical leadership / speaker support","authority support","noindex support archive","https://josetteperrone.com/topics/emergency-trauma-nursing","https://josetteperrone.com/#booking","2026-06-14","communication and safety beyond the bedside"
"https://josetteperrone.com/blog/emergency-nursing-lessons-for-every-healthcare-team","Emergency Nursing Lessons for Every Healthcare Team","Emergency and Trauma Nursing","emergency nursing lessons for every healthcare team","clinical leadership / speaker support","authority support","noindex support archive","https://josetteperrone.com/topics/emergency-trauma-nursing","https://josetteperrone.com/#booking","2026-06-14","adaptability, prioritization, and calm execution"
"https://josetteperrone.com/blog/students-learn-best-when-they-feel-safe-enough-to-try","Students Learn Best When They Feel Safe Enough to Try","Nursing Education","students learn best when they feel safe enough to try","nursing education / academic speaker support","authority support","noindex support archive","https://josetteperrone.com/topics/nursing-education","https://josetteperrone.com/#booking","2026-06-14","psychological safety in nursing education"
"https://josetteperrone.com/blog/why-case-studies-still-work","Why Case Studies Still Work","Nursing Education","why case studies still work","nursing education / academic speaker support","authority support","indexable cornerstone","https://josetteperrone.com/topics/nursing-education","https://josetteperrone.com/#booking","2026-06-14","bridging theory and clinical judgment"
"https://josetteperrone.com/blog/teaching-clinical-judgment-in-the-first-semester","Teaching Clinical Judgment in the First Semester","Nursing Education","teaching clinical judgment in the first semester","nursing education / academic speaker support","authority support","noindex support archive","https://josetteperrone.com/topics/nursing-education","https://josetteperrone.com/#booking","2026-06-14","building habits before complexity increases"
"https://josetteperrone.com/blog/the-nurse-educator-as-facilitator-and-coach","The Nurse Educator as Facilitator and Coach","Nursing Education","the nurse educator as facilitator and coach","nursing education / academic speaker support","authority support","noindex support archive","https://josetteperrone.com/topics/nursing-education","https://josetteperrone.com/#booking","2026-06-14","moving from lecture-only to active learning"
"https://josetteperrone.com/blog/how-role-play-builds-communication-confidence","How Role Play Builds Communication Confidence","Nursing Education","how role play builds communication confidence","nursing education / academic speaker support","authority support","noindex support archive","https://josetteperrone.com/topics/nursing-education","https://josetteperrone.com/#booking","2026-06-14","practicing difficult conversations before the bedside"
"https://josetteperrone.com/blog/feedback-that-helps-nursing-students-grow","Feedback That Helps Nursing Students Grow","Nursing Education","feedback that helps nursing students grow","nursing education / academic speaker support","authority support","noindex support archive","https://josetteperrone.com/topics/nursing-education","https://josetteperrone.com/#booking","2026-06-14","specific, timely, respectful coaching"
"https://josetteperrone.com/blog/online-nursing-education-can-still-feel-human","Online Nursing Education Can Still Feel Human","Nursing Education","online nursing education can still feel human","nursing education / academic speaker support","authority support","noindex support archive","https://josetteperrone.com/topics/nursing-education","https://josetteperrone.com/#booking","2026-06-14","presence, feedback, and structure in virtual learning"
"https://josetteperrone.com/blog/why-approachable-faculty-matter","Why Approachable Faculty Matter","Nursing Education","why approachable faculty matter","nursing education / academic speaker support","authority support","noindex support archive","https://josetteperrone.com/topics/nursing-education","https://josetteperrone.com/#booking","2026-06-14","trust as a condition for learning"
"https://josetteperrone.com/blog/helping-students-connect-theory-to-practice","Helping Students Connect Theory to Practice","Nursing Education","helping students connect theory to practice","nursing education / academic speaker support","authority support","noindex support archive","https://josetteperrone.com/topics/nursing-education","https://josetteperrone.com/#booking","2026-06-14","making abstract concepts clinically relevant"
"https://josetteperrone.com/blog/teaching-the-hidden-curriculum-of-nursing","Teaching the Hidden Curriculum of Nursing","Nursing Education","teaching the hidden curriculum of nursing","nursing education / academic speaker support","authority support","noindex support archive","https://josetteperrone.com/topics/nursing-education","https://josetteperrone.com/#booking","2026-06-14","professional behavior, teamwork, and resilience"
"https://josetteperrone.com/blog/inclusive-classrooms-build-safer-clinicians","Inclusive Classrooms Build Safer Clinicians","Nursing Education","inclusive classrooms build safer clinicians","nursing education / academic speaker support","authority support","noindex support archive","https://josetteperrone.com/topics/nursing-education","https://josetteperrone.com/#booking","2026-06-14","belonging as a learning and safety issue"
"https://josetteperrone.com/blog/the-value-of-formative-assessment","The Value of Formative Assessment","Nursing Education","the value of formative assessment","nursing education / academic speaker support","authority support","noindex support archive","https://josetteperrone.com/topics/nursing-education","https://josetteperrone.com/#booking","2026-06-14","checking understanding before the stakes are high"
"https://josetteperrone.com/blog/why-nursing-students-need-structured-reflection","Why Nursing Students Need Structured Reflection","Nursing Education","why nursing students need structured reflection","nursing education / academic speaker support","authority support","noindex support archive","https://josetteperrone.com/topics/nursing-education","https://josetteperrone.com/#booking","2026-06-14","learning from clinical experience without shame"
"https://josetteperrone.com/blog/mentorship-starts-in-the-classroom","Mentorship Starts in the Classroom","Nursing Education","mentorship starts in the classroom","nursing education / academic speaker support","authority support","noindex support archive","https://josetteperrone.com/topics/nursing-education","https://josetteperrone.com/#booking","2026-06-14","how educators model professional identity"
"https://josetteperrone.com/blog/student-centered-learning-in-clinical-education","Student-Centered Learning in Clinical Education","Nursing Education","student-centered learning in clinical education","nursing education / academic speaker support","authority support","noindex support archive","https://josetteperrone.com/topics/nursing-education","https://josetteperrone.com/#booking","2026-06-14","making learners active participants in judgment"
"https://josetteperrone.com/blog/clear-communication-is-a-clinical-skill","Clear Communication Is a Clinical Skill","Clinical Communication","clear communication is a clinical skill","team safety / communication speaker support","authority support","indexable cornerstone","https://josetteperrone.com/topics/healthcare-communication-safety","https://josetteperrone.com/#booking","2026-06-14","why words shape safety and trust"
"https://josetteperrone.com/blog/speaking-up-without-sounding-combative","Speaking Up Without Sounding Combative","Clinical Communication","speaking up without sounding combative","team safety / communication speaker support","authority support","noindex support archive","https://josetteperrone.com/topics/healthcare-communication-safety","https://josetteperrone.com/#booking","2026-06-14","professional advocacy in tense moments"
"https://josetteperrone.com/blog/the-power-of-closed-loop-communication","The Power of Closed-Loop Communication","Clinical Communication","the power of closed-loop communication","team safety / communication speaker support","authority support","noindex support archive","https://josetteperrone.com/topics/healthcare-communication-safety","https://josetteperrone.com/#booking","2026-06-14","confirming shared understanding under pressure"
"https://josetteperrone.com/blog/how-nurses-translate-complexity-for-families","How Nurses Translate Complexity for Families","Clinical Communication","how nurses translate complexity for families","team safety / communication speaker support","authority support","noindex support archive","https://josetteperrone.com/topics/healthcare-communication-safety","https://josetteperrone.com/#booking","2026-06-14","clarity without oversimplifying"
"https://josetteperrone.com/blog/communication-lessons-from-broadcast-production","Communication Lessons from Broadcast Production","Clinical Communication","communication lessons from broadcast production","team safety / communication speaker support","authority support","noindex support archive","https://josetteperrone.com/topics/healthcare-communication-safety","https://josetteperrone.com/#booking","2026-06-14","audience, timing, clarity, and message discipline"
"https://josetteperrone.com/blog/why-tone-matters-during-clinical-escalation","Why Tone Matters During Clinical Escalation","Clinical Communication","why tone matters during clinical escalation","team safety / communication speaker support","authority support","noindex support archive","https://josetteperrone.com/topics/healthcare-communication-safety","https://josetteperrone.com/#booking","2026-06-14","calm language as a stabilizing force"
"https://josetteperrone.com/blog/teaching-students-to-give-concise-reports","Teaching Students to Give Concise Reports","Clinical Communication","teaching students to give concise reports","team safety / communication speaker support","authority support","noindex support archive","https://josetteperrone.com/topics/healthcare-communication-safety","https://josetteperrone.com/#booking","2026-06-14","organizing information in ways teams can use"
"https://josetteperrone.com/blog/when-silence-becomes-a-safety-risk","When Silence Becomes a Safety Risk","Clinical Communication","when silence becomes a safety risk","team safety / communication speaker support","authority support","noindex support archive","https://josetteperrone.com/topics/healthcare-communication-safety","https://josetteperrone.com/#booking","2026-06-14","creating norms for early concern-sharing"
"https://josetteperrone.com/blog/how-to-communicate-limits-with-compassion","How to Communicate Limits With Compassion","Clinical Communication","how to communicate limits with compassion","team safety / communication speaker support","authority support","noindex support archive","https://josetteperrone.com/topics/healthcare-communication-safety","https://josetteperrone.com/#booking","2026-06-14","boundaries that preserve dignity"
"https://josetteperrone.com/blog/better-questions-create-better-clinical-thinking","Better Questions Create Better Clinical Thinking","Clinical Communication","better questions create better clinical thinking","team safety / communication speaker support","authority support","noindex support archive","https://josetteperrone.com/topics/healthcare-communication-safety","https://josetteperrone.com/#booking","2026-06-14","coaching inquiry instead of giving answers too soon"
"https://josetteperrone.com/blog/communication-fatigue-is-real","Communication Fatigue Is Real","Clinical Communication","communication fatigue is real","team safety / communication speaker support","authority support","noindex support archive","https://josetteperrone.com/topics/healthcare-communication-safety","https://josetteperrone.com/#booking","2026-06-14","why repeated explanations drain clinicians"
"https://josetteperrone.com/blog/making-handoffs-more-human-and-more-reliable","Making Handoffs More Human and More Reliable","Clinical Communication","making handoffs more human and more reliable","team safety / communication speaker support","authority support","noindex support archive","https://josetteperrone.com/topics/healthcare-communication-safety","https://josetteperrone.com/#booking","2026-06-14","balancing structure with patient context"
"https://josetteperrone.com/blog/the-nurse-as-ethical-communicator","The Nurse as Ethical Communicator","Clinical Communication","the nurse as ethical communicator","team safety / communication speaker support","authority support","noindex support archive","https://josetteperrone.com/topics/healthcare-communication-safety","https://josetteperrone.com/#booking","2026-06-14","truth, timing, and patient-centered language"
"https://josetteperrone.com/blog/how-leaders-communicate-during-uncertainty","How Leaders Communicate During Uncertainty","Clinical Communication","how leaders communicate during uncertainty","team safety / communication speaker support","authority support","noindex support archive","https://josetteperrone.com/topics/healthcare-communication-safety","https://josetteperrone.com/#booking","2026-06-14","what staff need to hear when conditions change"
"https://josetteperrone.com/blog/turning-conflict-into-clinical-clarity","Turning Conflict Into Clinical Clarity","Clinical Communication","turning conflict into clinical clarity","team safety / communication speaker support","authority support","noindex support archive","https://josetteperrone.com/topics/healthcare-communication-safety","https://josetteperrone.com/#booking","2026-06-14","using disagreement to improve shared understanding"
"https://josetteperrone.com/blog/patient-advocacy-begins-with-noticing","Patient Advocacy Begins With Noticing","Patient Advocacy","patient advocacy begins with noticing","clinical leadership / speaker support","authority support","noindex support archive","https://josetteperrone.com/keynotes-workshops","https://josetteperrone.com/#booking","2026-06-14","attention, curiosity, and follow-through"
"https://josetteperrone.com/blog/helping-patients-feel-seen-in-busy-settings","Helping Patients Feel Seen in Busy Settings","Patient Advocacy","helping patients feel seen in busy settings","clinical leadership / speaker support","authority support","noindex support archive","https://josetteperrone.com/keynotes-workshops","https://josetteperrone.com/#booking","2026-06-14","small behaviors that preserve dignity"
"https://josetteperrone.com/blog/advocacy-when-the-system-is-moving-fast","Advocacy When the System Is Moving Fast","Patient Advocacy","advocacy when the system is moving fast","clinical leadership / speaker support","authority support","noindex support archive","https://josetteperrone.com/keynotes-workshops","https://josetteperrone.com/#booking","2026-06-14","speaking for patient needs under time pressure"
"https://josetteperrone.com/blog/the-link-between-nurse-well-being-and-patient-advocacy","The Link Between Nurse Well-Being and Patient Advocacy","Patient Advocacy","the link between nurse well-being and patient advocacy","clinical leadership / speaker support","authority support","noindex support archive","https://josetteperrone.com/keynotes-workshops","https://josetteperrone.com/#booking","2026-06-14","why depleted nurses need support to advocate well"
"https://josetteperrone.com/blog/teaching-advocacy-to-new-nurses","Teaching Advocacy to New Nurses","Patient Advocacy","teaching advocacy to new nurses","clinical leadership / speaker support","authority support","noindex support archive","https://josetteperrone.com/keynotes-workshops","https://josetteperrone.com/#booking","2026-06-14","turning values into bedside behavior"
"https://josetteperrone.com/blog/family-communication-as-advocacy","Family Communication as Advocacy","Patient Advocacy","family communication as advocacy","clinical leadership / speaker support","authority support","noindex support archive","https://josetteperrone.com/keynotes-workshops","https://josetteperrone.com/#booking","2026-06-14","reducing fear through clarity and presence"
"https://josetteperrone.com/blog/when-advocacy-requires-persistence","When Advocacy Requires Persistence","Patient Advocacy","when advocacy requires persistence","clinical leadership / speaker support","authority support","noindex support archive","https://josetteperrone.com/keynotes-workshops","https://josetteperrone.com/#booking","2026-06-14","following up when answers are incomplete"
"https://josetteperrone.com/blog/the-ethics-of-everyday-nursing-advocacy","The Ethics of Everyday Nursing Advocacy","Patient Advocacy","the ethics of everyday nursing advocacy","clinical leadership / speaker support","authority support","noindex support archive","https://josetteperrone.com/keynotes-workshops","https://josetteperrone.com/#booking","2026-06-14","small decisions that protect patient interests"
"https://josetteperrone.com/blog/advocacy-in-emergency-and-trauma-care","Advocacy in Emergency and Trauma Care","Patient Advocacy","advocacy in emergency and trauma care","clinical leadership / speaker support","authority support","noindex support archive","https://josetteperrone.com/keynotes-workshops","https://josetteperrone.com/#booking","2026-06-14","rapid care without losing the person"
"https://josetteperrone.com/blog/documentation-as-a-patient-advocacy-tool","Documentation as a Patient Advocacy Tool","Patient Advocacy","documentation as a patient advocacy tool","clinical leadership / speaker support","authority support","indexable cornerstone","https://josetteperrone.com/keynotes-workshops","https://josetteperrone.com/#booking","2026-06-14","making concerns visible and actionable"
"https://josetteperrone.com/blog/advocacy-requires-team-trust","Advocacy Requires Team Trust","Patient Advocacy","advocacy requires team trust","clinical leadership / speaker support","authority support","noindex support archive","https://josetteperrone.com/keynotes-workshops","https://josetteperrone.com/#booking","2026-06-14","why isolated voices struggle to create change"
"https://josetteperrone.com/blog/listening-as-a-clinical-intervention","Listening as a Clinical Intervention","Patient Advocacy","listening as a clinical intervention","clinical leadership / speaker support","authority support","noindex support archive","https://josetteperrone.com/keynotes-workshops","https://josetteperrone.com/#booking","2026-06-14","what patients reveal when clinicians pause"
"https://josetteperrone.com/blog/how-nurses-protect-patient-dignity","How Nurses Protect Patient Dignity","Patient Advocacy","how nurses protect patient dignity","clinical leadership / speaker support","authority support","noindex support archive","https://josetteperrone.com/keynotes-workshops","https://josetteperrone.com/#booking","2026-06-14","language, privacy, and presence"
"https://josetteperrone.com/blog/advocacy-for-vulnerable-patients","Advocacy for Vulnerable Patients","Patient Advocacy","advocacy for vulnerable patients","clinical leadership / speaker support","authority support","noindex support archive","https://josetteperrone.com/keynotes-workshops","https://josetteperrone.com/#booking","2026-06-14","attention to barriers, risk, and voice"
"https://josetteperrone.com/blog/patient-advocacy-and-professional-courage","Patient Advocacy and Professional Courage","Patient Advocacy","patient advocacy and professional courage","clinical leadership / speaker support","authority support","noindex support archive","https://josetteperrone.com/keynotes-workshops","https://josetteperrone.com/#booking","2026-06-14","speaking up when it matters"
"https://josetteperrone.com/blog/the-transition-from-rn-to-nurse-practitioner","The Transition From RN to Nurse Practitioner","Advanced Practice Nursing","the transition from rn to nurse practitioner","clinical leadership / speaker support","authority support","indexable cornerstone","https://josetteperrone.com/speaker-summary","https://josetteperrone.com/#booking","2026-06-14","identity, responsibility, and clinical confidence"
"https://josetteperrone.com/blog/why-advanced-practice-requires-humility","Why Advanced Practice Requires Humility","Advanced Practice Nursing","why advanced practice requires humility","clinical leadership / speaker support","authority support","noindex support archive","https://josetteperrone.com/speaker-summary","https://josetteperrone.com/#booking","2026-06-14","learning while leading"
"https://josetteperrone.com/blog/clinical-confidence-without-overconfidence","Clinical Confidence Without Overconfidence","Advanced Practice Nursing","clinical confidence without overconfidence","clinical leadership / speaker support","authority support","noindex support archive","https://josetteperrone.com/speaker-summary","https://josetteperrone.com/#booking","2026-06-14","balancing preparation and uncertainty"
"https://josetteperrone.com/blog/the-dnp-mindset-in-daily-practice","The DNP Mindset in Daily Practice","Advanced Practice Nursing","the dnp mindset in daily practice","clinical leadership / speaker support","authority support","noindex support archive","https://josetteperrone.com/speaker-summary","https://josetteperrone.com/#booking","2026-06-14","systems thinking at the bedside and beyond"
"https://josetteperrone.com/blog/nurse-practitioners-as-patient-educators","Nurse Practitioners as Patient Educators","Advanced Practice Nursing","nurse practitioners as patient educators","clinical leadership / speaker support","authority support","noindex support archive","https://josetteperrone.com/speaker-summary","https://josetteperrone.com/#booking","2026-06-14","making plans understandable and realistic"
"https://josetteperrone.com/blog/leading-with-both-evidence-and-empathy","Leading With Both Evidence and Empathy","Advanced Practice Nursing","leading with both evidence and empathy","clinical leadership / speaker support","authority support","noindex support archive","https://josetteperrone.com/speaker-summary","https://josetteperrone.com/#booking","2026-06-14","advanced practice as human-centered care"
"https://josetteperrone.com/blog/how-rn-experience-shapes-np-judgment","How RN Experience Shapes NP Judgment","Advanced Practice Nursing","how rn experience shapes np judgment","clinical leadership / speaker support","authority support","noindex support archive","https://josetteperrone.com/speaker-summary","https://josetteperrone.com/#booking","2026-06-14","the value of bedside pattern recognition"
"https://josetteperrone.com/blog/doctoral-education-and-systems-change","Doctoral Education and Systems Change","Advanced Practice Nursing","doctoral education and systems change","clinical leadership / speaker support","authority support","noindex support archive","https://josetteperrone.com/speaker-summary","https://josetteperrone.com/#booking","2026-06-14","turning clinical problems into improvement work"
"https://josetteperrone.com/blog/professional-identity-after-the-dnp","Professional Identity After the DNP","Advanced Practice Nursing","professional identity after the dnp","clinical leadership / speaker support","authority support","noindex support archive","https://josetteperrone.com/speaker-summary","https://josetteperrone.com/#booking","2026-06-14","using credentials in service of impact"
"https://josetteperrone.com/blog/advanced-practice-and-interdisciplinary-respect","Advanced Practice and Interdisciplinary Respect","Advanced Practice Nursing","advanced practice and interdisciplinary respect","clinical leadership / speaker support","authority support","noindex support archive","https://josetteperrone.com/speaker-summary","https://josetteperrone.com/#booking","2026-06-14","collaboration without hierarchy games"
"https://josetteperrone.com/blog/the-nurse-practitioner-as-clinical-communicator","The Nurse Practitioner as Clinical Communicator","Advanced Practice Nursing","the nurse practitioner as clinical communicator","clinical leadership / speaker support","authority support","noindex support archive","https://josetteperrone.com/speaker-summary","https://josetteperrone.com/#booking","2026-06-14","clarity, education, and shared decisions"
"https://josetteperrone.com/blog/evidence-based-practice-for-real-world-units","Evidence-Based Practice for Real-World Units","Advanced Practice Nursing","evidence-based practice for real-world units","clinical leadership / speaker support","authority support","noindex support archive","https://josetteperrone.com/speaker-summary","https://josetteperrone.com/#booking","2026-06-14","making research usable for staff"
"https://josetteperrone.com/blog/from-individual-care-to-system-awareness","From Individual Care to System Awareness","Advanced Practice Nursing","from individual care to system awareness","clinical leadership / speaker support","authority support","noindex support archive","https://josetteperrone.com/speaker-summary","https://josetteperrone.com/#booking","2026-06-14","seeing patterns beyond the single encounter"
"https://josetteperrone.com/blog/what-future-nurse-practitioners-need-to-hear","What Future Nurse Practitioners Need to Hear","Advanced Practice Nursing","what future nurse practitioners need to hear","clinical leadership / speaker support","authority support","noindex support archive","https://josetteperrone.com/speaker-summary","https://josetteperrone.com/#booking","2026-06-14","practical encouragement for the next step"
"https://josetteperrone.com/blog/advanced-practice-leadership-without-losing-nursing-roots","Advanced Practice Leadership Without Losing Nursing Roots","Advanced Practice Nursing","advanced practice leadership without losing nursing roots","clinical leadership / speaker support","authority support","noindex support archive","https://josetteperrone.com/speaker-summary","https://josetteperrone.com/#booking","2026-06-14","staying connected to the profession’s foundation"
"https://josetteperrone.com/blog/every-nursing-career-needs-a-next-step","Every Nursing Career Needs a Next Step","Mentorship and Career Growth","every nursing career needs a next step","clinical leadership / speaker support","awareness","noindex support archive","https://josetteperrone.com/nursing-speaker","https://josetteperrone.com/#booking","2026-06-14","growth without comparison"
"https://josetteperrone.com/blog/mentorship-is-more-than-advice","Mentorship Is More Than Advice","Mentorship and Career Growth","mentorship is more than advice","clinical leadership / speaker support","awareness","noindex support archive","https://josetteperrone.com/nursing-speaker","https://josetteperrone.com/#booking","2026-06-14","presence, modeling, and honest feedback"
"https://josetteperrone.com/blog/why-nurses-should-tell-better-career-stories","Why Nurses Should Tell Better Career Stories","Mentorship and Career Growth","why nurses should tell better career stories","clinical leadership / speaker support","awareness","noindex support archive","https://josetteperrone.com/nursing-speaker","https://josetteperrone.com/#booking","2026-06-14","turning experience into direction"
"https://josetteperrone.com/blog/from-student-to-clinician-to-leader","From Student to Clinician to Leader","Mentorship and Career Growth","from student to clinician to leader","clinical leadership / speaker support","awareness","indexable cornerstone","https://josetteperrone.com/nursing-speaker","https://josetteperrone.com/#booking","2026-06-14","the stages of professional identity"
"https://josetteperrone.com/blog/helping-novice-nurses-find-their-voice","Helping Novice Nurses Find Their Voice","Mentorship and Career Growth","helping novice nurses find their voice","clinical leadership / speaker support","awareness","noindex support archive","https://josetteperrone.com/nursing-speaker","https://josetteperrone.com/#booking","2026-06-14","confidence through guided practice"
"https://josetteperrone.com/blog/career-growth-without-burning-out","Career Growth Without Burning Out","Mentorship and Career Growth","career growth without burning out","clinical leadership / speaker support","awareness","noindex support archive","https://josetteperrone.com/nursing-speaker","https://josetteperrone.com/#booking","2026-06-14","ambition with boundaries"
"https://josetteperrone.com/blog/why-lifelong-learning-keeps-nurses-grounded","Why Lifelong Learning Keeps Nurses Grounded","Mentorship and Career Growth","why lifelong learning keeps nurses grounded","clinical leadership / speaker support","awareness","noindex support archive","https://josetteperrone.com/nursing-speaker","https://josetteperrone.com/#booking","2026-06-14","curiosity as a professional habit"
"https://josetteperrone.com/blog/the-value-of-nonlinear-nursing-careers","The Value of Nonlinear Nursing Careers","Mentorship and Career Growth","the value of nonlinear nursing careers","clinical leadership / speaker support","awareness","noindex support archive","https://josetteperrone.com/nursing-speaker","https://josetteperrone.com/#booking","2026-06-14","honoring pivots, prior skills, and reinvention"
"https://josetteperrone.com/blog/what-experienced-nurses-can-give-the-next-generation","What Experienced Nurses Can Give the Next Generation","Mentorship and Career Growth","what experienced nurses can give the next generation","clinical leadership / speaker support","awareness","noindex support archive","https://josetteperrone.com/nursing-speaker","https://josetteperrone.com/#booking","2026-06-14","wisdom, realism, and support"
"https://josetteperrone.com/blog/how-education-opens-clinical-doors","How Education Opens Clinical Doors","Mentorship and Career Growth","how education opens clinical doors","clinical leadership / speaker support","awareness","noindex support archive","https://josetteperrone.com/nursing-speaker","https://josetteperrone.com/#booking","2026-06-14","choosing degrees with purpose"
"https://josetteperrone.com/blog/building-confidence-one-competency-at-a-time","Building Confidence One Competency at a Time","Mentorship and Career Growth","building confidence one competency at a time","clinical leadership / speaker support","awareness","noindex support archive","https://josetteperrone.com/nursing-speaker","https://josetteperrone.com/#booking","2026-06-14","small wins that accumulate"
"https://josetteperrone.com/blog/when-nurses-outgrow-their-first-plan","When Nurses Outgrow Their First Plan","Mentorship and Career Growth","when nurses outgrow their first plan","clinical leadership / speaker support","awareness","noindex support archive","https://josetteperrone.com/nursing-speaker","https://josetteperrone.com/#booking","2026-06-14","permission to evolve"
"https://josetteperrone.com/blog/career-mentorship-for-nurses-considering-graduate-school","Career Mentorship for Nurses Considering Graduate School","Mentorship and Career Growth","career mentorship for nurses considering graduate school","clinical leadership / speaker support","awareness","noindex support archive","https://josetteperrone.com/nursing-speaker","https://josetteperrone.com/#booking","2026-06-14","questions worth asking before applying"
"https://josetteperrone.com/blog/why-communication-skills-advance-nursing-careers","Why Communication Skills Advance Nursing Careers","Mentorship and Career Growth","why communication skills advance nursing careers","clinical leadership / speaker support","awareness","noindex support archive","https://josetteperrone.com/nursing-speaker","https://josetteperrone.com/#booking","2026-06-14","speaking clearly as leadership behavior"
"https://josetteperrone.com/blog/becoming-the-mentor-you-once-needed","Becoming the Mentor You Once Needed","Mentorship and Career Growth","becoming the mentor you once needed","clinical leadership / speaker support","awareness","noindex support archive","https://josetteperrone.com/nursing-speaker","https://josetteperrone.com/#booking","2026-06-14","closing the loop for the profession"
"https://josetteperrone.com/blog/healthcare-worker-safety-practical-reflection-1","Healthcare Worker Safety: Practical Reflection 1","Healthcare Worker Safety","healthcare worker safety: practical reflection 1","team safety / communication speaker support","authority support","noindex support archive","https://josetteperrone.com/topics/healthcare-communication-safety","https://josetteperrone.com/#booking","2026-06-14","a focused reflection on healthcare worker safety for nurses, educators, and healthcare leaders"
"https://josetteperrone.com/blog/burnout-and-resilience-practical-reflection-2","Burnout and Resilience: Practical Reflection 2","Burnout and Resilience","burnout and resilience: practical reflection 2","professional development / speaker support","authority support","noindex support archive","https://josetteperrone.com/topics/nurse-burnout-resilience","https://josetteperrone.com/#booking","2026-06-14","a focused reflection on burnout and resilience for nurses, educators, and healthcare leaders"
"https://josetteperrone.com/blog/emergency-and-trauma-nursing-practical-reflection-3","Emergency and Trauma Nursing: Practical Reflection 3","Emergency and Trauma Nursing","emergency and trauma nursing: practical reflection 3","clinical leadership / speaker support","authority support","noindex support archive","https://josetteperrone.com/topics/emergency-trauma-nursing","https://josetteperrone.com/#booking","2026-06-14","a focused reflection on emergency and trauma nursing for nurses, educators, and healthcare leaders"
"https://josetteperrone.com/blog/nursing-education-practical-reflection-4","Nursing Education: Practical Reflection 4","Nursing Education","nursing education: practical reflection 4","nursing education / academic speaker support","authority support","noindex support archive","https://josetteperrone.com/topics/nursing-education","https://josetteperrone.com/#booking","2026-06-14","a focused reflection on nursing education for nurses, educators, and healthcare leaders"
"https://josetteperrone.com/blog/clinical-communication-practical-reflection-5","Clinical Communication: Practical Reflection 5","Clinical Communication","clinical communication: practical reflection 5","team safety / communication speaker support","authority support","noindex support archive","https://josetteperrone.com/topics/healthcare-communication-safety","https://josetteperrone.com/#booking","2026-06-14","a focused reflection on clinical communication for nurses, educators, and healthcare leaders"
"https://josetteperrone.com/blog/patient-advocacy-practical-reflection-6","Patient Advocacy: Practical Reflection 6","Patient Advocacy","patient advocacy: practical reflection 6","clinical leadership / speaker support","authority support","noindex support archive","https://josetteperrone.com/keynotes-workshops","https://josetteperrone.com/#booking","2026-06-14","a focused reflection on patient advocacy for nurses, educators, and healthcare leaders"
"https://josetteperrone.com/blog/advanced-practice-nursing-practical-reflection-7","Advanced Practice Nursing: Practical Reflection 7","Advanced Practice Nursing","advanced practice nursing: practical reflection 7","clinical leadership / speaker support","authority support","noindex support archive","https://josetteperrone.com/speaker-summary","https://josetteperrone.com/#booking","2026-06-14","a focused reflection on advanced practice nursing for nurses, educators, and healthcare leaders"
"https://josetteperrone.com/blog/mentorship-and-career-growth-practical-reflection-8","Mentorship and Career Growth: Practical Reflection 8","Mentorship and Career Growth","mentorship and career growth: practical reflection 8","clinical leadership / speaker support","awareness","noindex support archive","https://josetteperrone.com/nursing-speaker","https://josetteperrone.com/#booking","2026-06-14","a focused reflection on mentorship and career growth for nurses, educators, and healthcare leaders"
"https://josetteperrone.com/blog/healthcare-worker-safety-practical-reflection-9","Healthcare Worker Safety: Practical Reflection 9","Healthcare Worker Safety","healthcare worker safety: practical reflection 9","team safety / communication speaker support","authority support","noindex support archive","https://josetteperrone.com/topics/healthcare-communication-safety","https://josetteperrone.com/#booking","2026-06-14","a focused reflection on healthcare worker safety for nurses, educators, and healthcare leaders"
"https://josetteperrone.com/blog/burnout-and-resilience-practical-reflection-10","Burnout and Resilience: Practical Reflection 10","Burnout and Resilience","burnout and resilience: practical reflection 10","professional development / speaker support","authority support","noindex support archive","https://josetteperrone.com/topics/nurse-burnout-resilience","https://josetteperrone.com/#booking","2026-06-14","a focused reflection on burnout and resilience for nurses, educators, and healthcare leaders"
"https://josetteperrone.com/blog/emergency-and-trauma-nursing-practical-reflection-11","Emergency and Trauma Nursing: Practical Reflection 11","Emergency and Trauma Nursing","emergency and trauma nursing: practical reflection 11","clinical leadership / speaker support","authority support","noindex support archive","https://josetteperrone.com/topics/emergency-trauma-nursing","https://josetteperrone.com/#booking","2026-06-14","a focused reflection on emergency and trauma nursing for nurses, educators, and healthcare leaders"
"https://josetteperrone.com/blog/nursing-education-practical-reflection-12","Nursing Education: Practical Reflection 12","Nursing Education","nursing education: practical reflection 12","nursing education / academic speaker support","authority support","noindex support archive","https://josetteperrone.com/topics/nursing-education","https://josetteperrone.com/#booking","2026-06-14","a focused reflection on nursing education for nurses, educators, and healthcare leaders"
"https://josetteperrone.com/blog/clinical-communication-practical-reflection-13","Clinical Communication: Practical Reflection 13","Clinical Communication","clinical communication: practical reflection 13","team safety / communication speaker support","authority support","noindex support archive","https://josetteperrone.com/topics/healthcare-communication-safety","https://josetteperrone.com/#booking","2026-06-14","a focused reflection on clinical communication for nurses, educators, and healthcare leaders"
"https://josetteperrone.com/blog/patient-advocacy-practical-reflection-14","Patient Advocacy: Practical Reflection 14","Patient Advocacy","patient advocacy: practical reflection 14","clinical leadership / speaker support","authority support","noindex support archive","https://josetteperrone.com/keynotes-workshops","https://josetteperrone.com/#booking","2026-06-14","a focused reflection on patient advocacy for nurses, educators, and healthcare leaders"
"https://josetteperrone.com/blog/advanced-practice-nursing-practical-reflection-15","Advanced Practice Nursing: Practical Reflection 15","Advanced Practice Nursing","advanced practice nursing: practical reflection 15","clinical leadership / speaker support","authority support","noindex support archive","https://josetteperrone.com/speaker-summary","https://josetteperrone.com/#booking","2026-06-14","a focused reflection on advanced practice nursing for nurses, educators, and healthcare leaders"
"https://josetteperrone.com/blog/mentorship-and-career-growth-practical-reflection-16","Mentorship and Career Growth: Practical Reflection 16","Mentorship and Career Growth","mentorship and career growth: practical reflection 16","clinical leadership / speaker support","awareness","noindex support archive","https://josetteperrone.com/nursing-speaker","https://josetteperrone.com/#booking","2026-06-14","a focused reflection on mentorship and career growth for nurses, educators, and healthcare leaders"
"https://josetteperrone.com/blog/healthcare-worker-safety-practical-reflection-17","Healthcare Worker Safety: Practical Reflection 17","Healthcare Worker Safety","healthcare worker safety: practical reflection 17","team safety / communication speaker support","authority support","noindex support archive","https://josetteperrone.com/topics/healthcare-communication-safety","https://josetteperrone.com/#booking","2026-06-14","a focused reflection on healthcare worker safety for nurses, educators, and healthcare leaders"
"https://josetteperrone.com/blog/burnout-and-resilience-practical-reflection-18","Burnout and Resilience: Practical Reflection 18","Burnout and Resilience","burnout and resilience: practical reflection 18","professional development / speaker support","authority support","noindex support archive","https://josetteperrone.com/topics/nurse-burnout-resilience","https://josetteperrone.com/#booking","2026-06-14","a focused reflection on burnout and resilience for nurses, educators, and healthcare leaders"
"https://josetteperrone.com/blog/emergency-and-trauma-nursing-practical-reflection-19","Emergency and Trauma Nursing: Practical Reflection 19","Emergency and Trauma Nursing","emergency and trauma nursing: practical reflection 19","clinical leadership / speaker support","authority support","noindex support archive","https://josetteperrone.com/topics/emergency-trauma-nursing","https://josetteperrone.com/#booking","2026-06-14","a focused reflection on emergency and trauma nursing for nurses, educators, and healthcare leaders"
"https://josetteperrone.com/blog/nursing-education-practical-reflection-20","Nursing Education: Practical Reflection 20","Nursing Education","nursing education: practical reflection 20","nursing education / academic speaker support","authority support","noindex support archive","https://josetteperrone.com/topics/nursing-education","https://josetteperrone.com/#booking","2026-06-14","a focused reflection on nursing education for nurses, educators, and healthcare leaders"
"https://josetteperrone.com/blog/clinical-communication-practical-reflection-21","Clinical Communication: Practical Reflection 21","Clinical Communication","clinical communication: practical reflection 21","team safety / communication speaker support","authority support","noindex support archive","https://josetteperrone.com/topics/healthcare-communication-safety","https://josetteperrone.com/#booking","2026-06-14","a focused reflection on clinical communication for nurses, educators, and healthcare leaders"
"https://josetteperrone.com/blog/patient-advocacy-practical-reflection-22","Patient Advocacy: Practical Reflection 22","Patient Advocacy","patient advocacy: practical reflection 22","clinical leadership / speaker support","authority support","noindex support archive","https://josetteperrone.com/keynotes-workshops","https://josetteperrone.com/#booking","2026-06-14","a focused reflection on patient advocacy for nurses, educators, and healthcare leaders"
"https://josetteperrone.com/blog/advanced-practice-nursing-practical-reflection-23","Advanced Practice Nursing: Practical Reflection 23","Advanced Practice Nursing","advanced practice nursing: practical reflection 23","clinical leadership / speaker support","authority support","noindex support archive","https://josetteperrone.com/speaker-summary","https://josetteperrone.com/#booking","2026-06-14","a focused reflection on advanced practice nursing for nurses, educators, and healthcare leaders"
"https://josetteperrone.com/blog/mentorship-and-career-growth-practical-reflection-24","Mentorship and Career Growth: Practical Reflection 24","Mentorship and Career Growth","mentorship and career growth: practical reflection 24","clinical leadership / speaker support","awareness","noindex support archive","https://josetteperrone.com/nursing-speaker","https://josetteperrone.com/#booking","2026-06-14","a focused reflection on mentorship and career growth for nurses, educators, and healthcare leaders"
"https://josetteperrone.com/blog/healthcare-worker-safety-practical-reflection-25","Healthcare Worker Safety: Practical Reflection 25","Healthcare Worker Safety","healthcare worker safety: practical reflection 25","team safety / communication speaker support","authority support","noindex support archive","https://josetteperrone.com/topics/healthcare-communication-safety","https://josetteperrone.com/#booking","2026-06-14","a focused reflection on healthcare worker safety for nurses, educators, and healthcare leaders"
"https://josetteperrone.com/blog/burnout-and-resilience-practical-reflection-26","Burnout and Resilience: Practical Reflection 26","Burnout and Resilience","burnout and resilience: practical reflection 26","professional development / speaker support","authority support","noindex support archive","https://josetteperrone.com/topics/nurse-burnout-resilience","https://josetteperrone.com/#booking","2026-06-14","a focused reflection on burnout and resilience for nurses, educators, and healthcare leaders"
"https://josetteperrone.com/blog/emergency-and-trauma-nursing-practical-reflection-27","Emergency and Trauma Nursing: Practical Reflection 27","Emergency and Trauma Nursing","emergency and trauma nursing: practical reflection 27","clinical leadership / speaker support","authority support","noindex support archive","https://josetteperrone.com/topics/emergency-trauma-nursing","https://josetteperrone.com/#booking","2026-06-14","a focused reflection on emergency and trauma nursing for nurses, educators, and healthcare leaders"
"https://josetteperrone.com/blog/nursing-education-practical-reflection-28","Nursing Education: Practical Reflection 28","Nursing Education","nursing education: practical reflection 28","nursing education / academic speaker support","authority support","noindex support archive","https://josetteperrone.com/topics/nursing-education","https://josetteperrone.com/#booking","2026-06-14","a focused reflection on nursing education for nurses, educators, and healthcare leaders"
"https://josetteperrone.com/blog/clinical-communication-practical-reflection-29","Clinical Communication: Practical Reflection 29","Clinical Communication","clinical communication: practical reflection 29","team safety / communication speaker support","authority support","noindex support archive","https://josetteperrone.com/topics/healthcare-communication-safety","https://josetteperrone.com/#booking","2026-06-14","a focused reflection on clinical communication for nurses, educators, and healthcare leaders"
"https://josetteperrone.com/blog/patient-advocacy-practical-reflection-30","Patient Advocacy: Practical Reflection 30","Patient Advocacy","patient advocacy: practical reflection 30","clinical leadership / speaker support","authority support","noindex support archive","https://josetteperrone.com/keynotes-workshops","https://josetteperrone.com/#booking","2026-06-14","a focused reflection on patient advocacy for nurses, educators, and healthcare leaders"
